0,91,124,55,47,188,61,76,165,41,60,41,80,107,83,182,50,79,64,189,63,96,26,96,160,127,129,138,100,119
91,0,75,37,138,138,34,14,74,46,150,97,11,17,14,91,42,50,154,139,16,46,65,5,110,36,79,88,50,28
124,75,0,71,172,64,68,60,149,80,184,130,64,91,67,166,75,60,188,64,69,58,99,80,36,111,58,18,29,103
55,37,71,0,102,134,7,23,111,11,115,61,26,53,11,128,5,25,119,135,8,42,29,42,106,73,75,84,46,65
47,138,172,102,0,235,108,124,212,88,30,88,127,154,131,229,98,127,19,236,111,143,73,143,208,174,176,185,147,166
188,138,64,134,235,0,132,124,212,144,248,194,127,155,131,229,139,124,210,23,133,122,162,143,28,174,102,62,93,166
61,34,68,7,108,132,0,20,109,17,121,67,24,51,27,126,12,19,125,132,13,39,35,39,104,70,72,81,43,63
76,14,60,23,124,124,20,0,89,32,136,82,4,31,7,106,27,36,140,124,9,32,51,19,96,50,65,73,36,43
165,74,149,111,212,212,109,89,0,121,225,171,85,59,89,87,116,124,229,213,91,120,139,71,185,78,153,162,124,46
41,46,80,11,88,144,17,32,121,0,100,48,36,63,39,138,6,35,104,144,19,51,15,51,116,82,84,93,55,75
60,150,184,115,30,248,121,136,225,100,0,100,140,167,143,242,110,139,46,248,123,155,85,155,220,186,188,197,159,179
41,97,130,61,88,194,67,82,171,48,100,0,86,113,89,188,56,85,104,195,69,102,47,102,166,133,135,143,106,125
80,11,64,26,127,127,24,4,85,36,140,86,0,27,4,102,31,39,144,128,6,35,54,16,100,47,68,77,39,39
107,17,91,53,154,155,51,31,59,63,167,113,27,0,31,76,58,66,171,155,33,62,81,14,127,20,96,104,66,13
83,14,67,11,131,131,27,7,89,39,143,89,4,31,0,106,15,43,147,131,2,39,57,19,103,50,72,80,43,43
182,91,166,128,229,229,126,106,87,138,242,188,102,76,106,0,133,141,246,230,108,137,156,88,202,95,170,179,141,63
50,42,75,5,98,139,12,27,116,6,110,56,31,58,15,133,0,30,114,140,13,47,24,47,111,78,80,89,51,70
79,50,60,25,127,124,19,36,124,35,139,85,39,66,43,141,30,0,143,124,31,55,53,55,96,86,65,73,36,78
64,154,188,119,19,210,125,140,229,104,46,104,144,171,147,246,114,143,0,211,127,160,90,160,187,191,193,201,163,183
189,139,64,135,236,23,132,124,213,144,248,195,128,155,131,230,140,124,211,0,134,123,163,144,28,175,102,63,94,167
63,16,69,8,111,133,13,9,91,19,123,69,6,33,2,108,13,31,127,134,0,41,38,22,105,53,74,83,45,45
96,46,58,42,143,122,39,32,120,51,155,102,35,62,39,137,47,55,160,123,41,0,70,51,94,59,53,72,34,74
26,65,99,29,73,162,35,51,139,15,85,47,54,81,57,156,24,53,90,163,38,70,0,70,134,101,103,112,74,93
96,5,80,42,143,143,39,19,71,51,155,102,16,14,19,88,47,55,160,144,22,51,70,0,115,33,84,93,55,25
160,110,36,106,208,28,104,96,185,116,220,166,100,127,103,202,111,96,187,28,105,94,134,115,0,146,74,34,65,139
127,36,111,73,174,174,70,50,78,82,186,133,47,20,50,95,78,86,191,175,53,59,101,33,146,0,72,124,86,32
129,79,58,75,176,102,72,65,153,84,188,135,68,96,72,170,80,65,193,102,74,53,103,84,74,72,0,40,29,107
138,88,18,84,185,62,81,73,162,93,197,143,77,104,80,179,89,73,201,63,83,72,112,93,34,124,40,0,38,116
100,50,29,46,147,93,43,36,124,55,159,106,39,66,43,141,51,36,163,94,45,34,74,55,65,86,29,38,0,78
119,28,103,65,166,166,63,43,46,75,179,125,39,13,43,63,70,78,183,167,45,74,93,25,139,32,107,116,78,0